,cve,epss,date
0,CVE-2025-10137,0.00054,2025-10-05
1,CVE-2025-10147,0.00169,2025-10-05
2,CVE-2025-10412,0.00197,2025-10-05
3,CVE-2025-59834,0.00354,2025-10-05
4,CVE-2025-6921,0.00055,2025-10-05
5,CVE-2025-7045,0.00251,2025-10-05
6,CVE-2025-8268,0.0011,2025-10-05
7,CVE-2025-9054,0.00097,2025-10-05
8,CVE-2025-9321,0.00074,2025-10-05
9,CVE-2025-9816,0.00098,2025-10-05
10,CVE-2025-10137,0.00054,2025-10-06
11,CVE-2025-10147,0.00169,2025-10-06
12,CVE-2025-10412,0.00197,2025-10-06
13,CVE-2025-59834,0.00354,2025-10-06
14,CVE-2025-6921,0.00055,2025-10-06
15,CVE-2025-7045,0.00251,2025-10-06
16,CVE-2025-8268,0.0011,2025-10-06
17,CVE-2025-9054,0.00097,2025-10-06
18,CVE-2025-9321,0.00074,2025-10-06
19,CVE-2025-9816,0.00098,2025-10-06
20,CVE-2025-10137,0.00054,2025-10-07
21,CVE-2025-10147,0.00169,2025-10-07
22,CVE-2025-10412,0.00197,2025-10-07
23,CVE-2025-59834,0.00354,2025-10-07
24,CVE-2025-6921,0.00055,2025-10-07
25,CVE-2025-7045,0.00251,2025-10-07
26,CVE-2025-8268,0.0011,2025-10-07
27,CVE-2025-9054,0.00097,2025-10-07
28,CVE-2025-9321,0.00074,2025-10-07
29,CVE-2025-9816,0.00098,2025-10-07
30,CVE-2025-10137,0.00054,2025-10-08
31,CVE-2025-10147,0.00169,2025-10-08
32,CVE-2025-10412,0.00197,2025-10-08
33,CVE-2025-59834,0.00354,2025-10-08
34,CVE-2025-6921,0.00055,2025-10-08
35,CVE-2025-7045,0.00363,2025-10-08
36,CVE-2025-8268,0.0011,2025-10-08
37,CVE-2025-9054,0.00097,2025-10-08
38,CVE-2025-9321,0.00074,2025-10-08
39,CVE-2025-9816,0.00098,2025-10-08
40,CVE-2025-10137,0.00054,2025-10-09
41,CVE-2025-10147,0.00169,2025-10-09
42,CVE-2025-10412,0.00197,2025-10-09
43,CVE-2025-59834,0.00354,2025-10-09
44,CVE-2025-6921,0.00055,2025-10-09
45,CVE-2025-7045,0.00363,2025-10-09
46,CVE-2025-8268,0.0011,2025-10-09
47,CVE-2025-9054,0.00097,2025-10-09
48,CVE-2025-9321,0.00074,2025-10-09
49,CVE-2025-9816,0.00098,2025-10-09
50,CVE-2025-10137,0.00054,2025-10-10
51,CVE-2025-10147,0.00169,2025-10-10
52,CVE-2025-10412,0.00197,2025-10-10
53,CVE-2025-59834,0.00354,2025-10-10
54,CVE-2025-6921,0.00055,2025-10-10
55,CVE-2025-7045,0.00363,2025-10-10
56,CVE-2025-8268,0.0011,2025-10-10
57,CVE-2025-9054,0.00097,2025-10-10
58,CVE-2025-9321,0.00074,2025-10-10
59,CVE-2025-9816,0.00098,2025-10-10
60,CVE-2025-10137,0.00054,2025-10-11
61,CVE-2025-10147,0.00169,2025-10-11
62,CVE-2025-10412,0.00197,2025-10-11
63,CVE-2025-59834,0.00354,2025-10-11
64,CVE-2025-6921,0.00049,2025-10-11
65,CVE-2025-7045,0.00363,2025-10-11
66,CVE-2025-8268,0.0011,2025-10-11
67,CVE-2025-9054,0.00097,2025-10-11
68,CVE-2025-9321,0.00074,2025-10-11
69,CVE-2025-9816,0.00098,2025-10-11
70,CVE-2025-10137,0.00054,2025-10-12
71,CVE-2025-10147,0.00169,2025-10-12
72,CVE-2025-10412,0.00197,2025-10-12
73,CVE-2025-59834,0.00354,2025-10-12
74,CVE-2025-6921,0.00049,2025-10-12
75,CVE-2025-7045,0.00363,2025-10-12
76,CVE-2025-8268,0.0011,2025-10-12
77,CVE-2025-9054,0.00097,2025-10-12
78,CVE-2025-9321,0.00074,2025-10-12
79,CVE-2025-9816,0.00098,2025-10-12
80,CVE-2025-10137,0.00054,2025-10-13
81,CVE-2025-10147,0.00169,2025-10-13
82,CVE-2025-10412,0.00197,2025-10-13
83,CVE-2025-59834,0.00354,2025-10-13
84,CVE-2025-6921,0.00049,2025-10-13
85,CVE-2025-7045,0.00363,2025-10-13
86,CVE-2025-8268,0.0011,2025-10-13
87,CVE-2025-9054,0.00097,2025-10-13
88,CVE-2025-9321,0.00074,2025-10-13
89,CVE-2025-9816,0.00098,2025-10-13
90,CVE-2025-10137,0.00054,2025-10-14
91,CVE-2025-10147,0.00169,2025-10-14
92,CVE-2025-10412,0.00197,2025-10-14
93,CVE-2025-59834,0.00354,2025-10-14
94,CVE-2025-6921,0.00049,2025-10-14
95,CVE-2025-7045,0.00363,2025-10-14
96,CVE-2025-8268,0.0011,2025-10-14
97,CVE-2025-9054,0.00097,2025-10-14
98,CVE-2025-9321,0.00074,2025-10-14
99,CVE-2025-9816,0.00098,2025-10-14
100,CVE-2025-10137,0.00054,2025-10-15
101,CVE-2025-10147,0.00169,2025-10-15
102,CVE-2025-10412,0.00197,2025-10-15
103,CVE-2025-59834,0.00865,2025-10-15
104,CVE-2025-6921,0.00049,2025-10-15
105,CVE-2025-7045,0.00363,2025-10-15
106,CVE-2025-8268,0.0011,2025-10-15
107,CVE-2025-9054,0.00097,2025-10-15
108,CVE-2025-9321,0.00074,2025-10-15
109,CVE-2025-9816,0.00098,2025-10-15
110,CVE-2025-10137,0.00054,2025-10-16
111,CVE-2025-10147,0.00169,2025-10-16
112,CVE-2025-10412,0.00197,2025-10-16
113,CVE-2025-59834,0.00865,2025-10-16
114,CVE-2025-6921,0.00049,2025-10-16
115,CVE-2025-7045,0.00363,2025-10-16
116,CVE-2025-8268,0.0011,2025-10-16
117,CVE-2025-9054,0.00097,2025-10-16
118,CVE-2025-9321,0.00074,2025-10-16
119,CVE-2025-9816,0.00098,2025-10-16
120,CVE-2025-10137,0.00054,2025-10-17
121,CVE-2025-10147,0.00169,2025-10-17
122,CVE-2025-10412,0.00197,2025-10-17
123,CVE-2025-59834,0.00865,2025-10-17
124,CVE-2025-6921,0.00049,2025-10-17
125,CVE-2025-7045,0.00363,2025-10-17
126,CVE-2025-8268,0.0011,2025-10-17
127,CVE-2025-9054,0.00097,2025-10-17
128,CVE-2025-9321,0.00074,2025-10-17
129,CVE-2025-9816,0.00098,2025-10-17
130,CVE-2025-10137,0.00054,2025-10-18
131,CVE-2025-10147,0.00169,2025-10-18
132,CVE-2025-10412,0.00197,2025-10-18
133,CVE-2025-59834,0.00865,2025-10-18
134,CVE-2025-6921,0.00049,2025-10-18
135,CVE-2025-7045,0.00363,2025-10-18
136,CVE-2025-8268,0.0011,2025-10-18
137,CVE-2025-9054,0.00097,2025-10-18
138,CVE-2025-9321,0.00074,2025-10-18
139,CVE-2025-9816,0.00098,2025-10-18
140,CVE-2025-10137,0.00054,2025-10-19
141,CVE-2025-10147,0.00169,2025-10-19
142,CVE-2025-10412,0.00197,2025-10-19
143,CVE-2025-59834,0.00865,2025-10-19
144,CVE-2025-6921,0.00049,2025-10-19
145,CVE-2025-7045,0.00363,2025-10-19
146,CVE-2025-8268,0.0011,2025-10-19
147,CVE-2025-9054,0.00097,2025-10-19
148,CVE-2025-9321,0.00074,2025-10-19
149,CVE-2025-9816,0.00098,2025-10-19
150,CVE-2025-10137,0.00054,2025-10-20
151,CVE-2025-10147,0.00169,2025-10-20
152,CVE-2025-10412,0.00197,2025-10-20
153,CVE-2025-59834,0.00865,2025-10-20
154,CVE-2025-6921,0.00049,2025-10-20
155,CVE-2025-7045,0.00363,2025-10-20
156,CVE-2025-8268,0.0011,2025-10-20
157,CVE-2025-9054,0.00097,2025-10-20
158,CVE-2025-9321,0.00074,2025-10-20
159,CVE-2025-9816,0.00098,2025-10-20
160,CVE-2025-10137,0.00054,2025-10-21
161,CVE-2025-10147,0.00169,2025-10-21
162,CVE-2025-10412,0.00197,2025-10-21
163,CVE-2025-59834,0.00865,2025-10-21
164,CVE-2025-6921,0.00049,2025-10-21
165,CVE-2025-7045,0.00363,2025-10-21
166,CVE-2025-8268,0.0011,2025-10-21
167,CVE-2025-9054,0.00097,2025-10-21
168,CVE-2025-9321,0.00074,2025-10-21
169,CVE-2025-9816,0.00098,2025-10-21
170,CVE-2025-10137,0.00054,2025-10-22
171,CVE-2025-10147,0.00169,2025-10-22
172,CVE-2025-10412,0.00197,2025-10-22
173,CVE-2025-59834,0.00865,2025-10-22
174,CVE-2025-6921,0.00049,2025-10-22
175,CVE-2025-7045,0.00363,2025-10-22
176,CVE-2025-8268,0.0011,2025-10-22
177,CVE-2025-9054,0.00097,2025-10-22
178,CVE-2025-9321,0.00074,2025-10-22
179,CVE-2025-9816,0.00098,2025-10-22
180,CVE-2025-10137,0.00054,2025-10-23
181,CVE-2025-10147,0.00169,2025-10-23
182,CVE-2025-10412,0.00197,2025-10-23
183,CVE-2025-59834,0.00865,2025-10-23
184,CVE-2025-6921,0.00049,2025-10-23
185,CVE-2025-7045,0.00363,2025-10-23
186,CVE-2025-8268,0.0011,2025-10-23
187,CVE-2025-9054,0.00097,2025-10-23
188,CVE-2025-9321,0.00074,2025-10-23
189,CVE-2025-9816,0.00098,2025-10-23
190,CVE-2025-10137,0.00054,2025-10-24
191,CVE-2025-10147,0.00169,2025-10-24
192,CVE-2025-10412,0.00197,2025-10-24
193,CVE-2025-59834,0.00865,2025-10-24
194,CVE-2025-6921,0.00049,2025-10-24
195,CVE-2025-7045,0.00363,2025-10-24
196,CVE-2025-8268,0.0011,2025-10-24
197,CVE-2025-9054,0.00097,2025-10-24
198,CVE-2025-9321,0.00074,2025-10-24
199,CVE-2025-9816,0.00098,2025-10-24
200,CVE-2025-10137,0.00054,2025-10-25
201,CVE-2025-10147,0.00184,2025-10-25
202,CVE-2025-10412,0.00215,2025-10-25
203,CVE-2025-59834,0.00865,2025-10-25
204,CVE-2025-6921,0.00054,2025-10-25
205,CVE-2025-7045,0.00363,2025-10-25
206,CVE-2025-8268,0.0011,2025-10-25
207,CVE-2025-9054,0.00097,2025-10-25
208,CVE-2025-9321,0.00107,2025-10-25
209,CVE-2025-9816,0.00098,2025-10-25
210,CVE-2025-10137,0.00054,2025-10-26
211,CVE-2025-10147,0.00184,2025-10-26
212,CVE-2025-10412,0.00215,2025-10-26
213,CVE-2025-59834,0.00865,2025-10-26
214,CVE-2025-6921,0.00054,2025-10-26
215,CVE-2025-7045,0.00363,2025-10-26
216,CVE-2025-8268,0.0011,2025-10-26
217,CVE-2025-9054,0.0014,2025-10-26
218,CVE-2025-9321,0.00107,2025-10-26
219,CVE-2025-9816,0.00123,2025-10-26
220,CVE-2025-10137,0.00054,2025-10-27
221,CVE-2025-10147,0.00184,2025-10-27
222,CVE-2025-10412,0.00215,2025-10-27
223,CVE-2025-59834,0.00842,2025-10-27
224,CVE-2025-6921,0.00054,2025-10-27
225,CVE-2025-7045,0.00363,2025-10-27
226,CVE-2025-8268,0.0011,2025-10-27
227,CVE-2025-9054,0.0014,2025-10-27
228,CVE-2025-9321,0.00107,2025-10-27
229,CVE-2025-9816,0.00123,2025-10-27
230,CVE-2025-10137,0.00078,2025-10-28
231,CVE-2025-10147,0.00184,2025-10-28
232,CVE-2025-10412,0.00215,2025-10-28
233,CVE-2025-59834,0.00842,2025-10-28
234,CVE-2025-6921,0.00054,2025-10-28
235,CVE-2025-7045,0.00363,2025-10-28
236,CVE-2025-8268,0.0011,2025-10-28
237,CVE-2025-9054,0.0014,2025-10-28
238,CVE-2025-9321,0.00107,2025-10-28
239,CVE-2025-9816,0.00123,2025-10-28
240,CVE-2025-10137,0.00078,2025-10-29
241,CVE-2025-10147,0.00184,2025-10-29
242,CVE-2025-10412,0.00215,2025-10-29
243,CVE-2025-59834,0.00842,2025-10-29
244,CVE-2025-6921,0.00054,2025-10-29
245,CVE-2025-7045,0.00363,2025-10-29
246,CVE-2025-8268,0.0011,2025-10-29
247,CVE-2025-9054,0.0014,2025-10-29
248,CVE-2025-9321,0.00107,2025-10-29
249,CVE-2025-9816,0.00177,2025-10-29
250,CVE-2025-10137,0.00078,2025-10-30
251,CVE-2025-10147,0.00184,2025-10-30
252,CVE-2025-10412,0.00215,2025-10-30
253,CVE-2025-59834,0.00842,2025-10-30
254,CVE-2025-6921,0.00054,2025-10-30
255,CVE-2025-7045,0.00363,2025-10-30
256,CVE-2025-8268,0.0011,2025-10-30
257,CVE-2025-9054,0.0014,2025-10-30
258,CVE-2025-9321,0.00107,2025-10-30
259,CVE-2025-9816,0.00177,2025-10-30
260,CVE-2025-10137,0.00078,2025-10-31
261,CVE-2025-10147,0.00184,2025-10-31
262,CVE-2025-10412,0.00215,2025-10-31
263,CVE-2025-59834,0.00842,2025-10-31
264,CVE-2025-6921,0.00054,2025-10-31
265,CVE-2025-7045,0.00363,2025-10-31
266,CVE-2025-8268,0.0011,2025-10-31
267,CVE-2025-9054,0.0014,2025-10-31
268,CVE-2025-9321,0.00107,2025-10-31
269,CVE-2025-9816,0.00177,2025-10-31
270,CVE-2025-10137,0.00078,2025-11-01
271,CVE-2025-10147,0.00184,2025-11-01
272,CVE-2025-10412,0.00215,2025-11-01
273,CVE-2025-59834,0.00842,2025-11-01
274,CVE-2025-6921,0.00054,2025-11-01
275,CVE-2025-7045,0.00363,2025-11-01
276,CVE-2025-8268,0.0011,2025-11-01
277,CVE-2025-9054,0.0014,2025-11-01
278,CVE-2025-9321,0.00107,2025-11-01
279,CVE-2025-9816,0.00141,2025-11-01
280,CVE-2025-10137,0.00078,2025-11-02
281,CVE-2025-10147,0.00184,2025-11-02
282,CVE-2025-10412,0.00215,2025-11-02
283,CVE-2025-59834,0.00842,2025-11-02
284,CVE-2025-6921,0.00054,2025-11-02
285,CVE-2025-7045,0.00363,2025-11-02
286,CVE-2025-8268,0.0011,2025-11-02
287,CVE-2025-9054,0.0014,2025-11-02
288,CVE-2025-9321,0.00107,2025-11-02
289,CVE-2025-9816,0.00141,2025-11-02
290,CVE-2025-10137,0.00078,2025-11-03
291,CVE-2025-10147,0.00184,2025-11-03
292,CVE-2025-10412,0.00215,2025-11-03
293,CVE-2025-59834,0.00842,2025-11-03
294,CVE-2025-6921,0.00054,2025-11-03
295,CVE-2025-7045,0.00363,2025-11-03
296,CVE-2025-8268,0.0011,2025-11-03
297,CVE-2025-9054,0.0014,2025-11-03
298,CVE-2025-9321,0.00107,2025-11-03
299,CVE-2025-9816,0.00141,2025-11-03
300,CVE-2025-10137,0.00078,2025-11-04
301,CVE-2025-10147,0.00184,2025-11-04
302,CVE-2025-10412,0.00215,2025-11-04
303,CVE-2025-59834,0.00842,2025-11-04
304,CVE-2025-6921,0.00073,2025-11-04
305,CVE-2025-7045,0.00363,2025-11-04
306,CVE-2025-8268,0.0011,2025-11-04
307,CVE-2025-9054,0.0014,2025-11-04
308,CVE-2025-9321,0.00107,2025-11-04
309,CVE-2025-9816,0.00177,2025-11-04
310,CVE-2025-10137,0.00078,2025-11-05
311,CVE-2025-10147,0.00184,2025-11-05
312,CVE-2025-10412,0.00215,2025-11-05
313,CVE-2025-59834,0.00842,2025-11-05
314,CVE-2025-6921,0.00073,2025-11-05
315,CVE-2025-7045,0.00363,2025-11-05
316,CVE-2025-8268,0.0011,2025-11-05
317,CVE-2025-9054,0.0014,2025-11-05
318,CVE-2025-9321,0.00107,2025-11-05
319,CVE-2025-9816,0.00177,2025-11-05
320,CVE-2025-10137,0.00078,2025-11-06
321,CVE-2025-10147,0.00184,2025-11-06
322,CVE-2025-10412,0.00215,2025-11-06
323,CVE-2025-59834,0.00959,2025-11-06
324,CVE-2025-6921,0.00073,2025-11-06
325,CVE-2025-7045,0.00363,2025-11-06
326,CVE-2025-8268,0.0011,2025-11-06
327,CVE-2025-9054,0.0014,2025-11-06
328,CVE-2025-9321,0.00107,2025-11-06
329,CVE-2025-9816,0.00177,2025-11-06
330,CVE-2025-10137,0.00078,2025-11-07
331,CVE-2025-10147,0.00184,2025-11-07
332,CVE-2025-10412,0.00215,2025-11-07
333,CVE-2025-59834,0.00959,2025-11-07
334,CVE-2025-6921,0.00073,2025-11-07
335,CVE-2025-7045,0.00363,2025-11-07
336,CVE-2025-8268,0.0011,2025-11-07
337,CVE-2025-9054,0.0014,2025-11-07
338,CVE-2025-9321,0.00107,2025-11-07
339,CVE-2025-9816,0.00177,2025-11-07
340,CVE-2025-10137,0.00078,2025-11-08
341,CVE-2025-10147,0.00184,2025-11-08
342,CVE-2025-10412,0.00215,2025-11-08
343,CVE-2025-59834,0.00959,2025-11-08
344,CVE-2025-6921,0.00073,2025-11-08
345,CVE-2025-7045,0.00363,2025-11-08
346,CVE-2025-8268,0.0011,2025-11-08
347,CVE-2025-9054,0.0014,2025-11-08
348,CVE-2025-9321,0.00107,2025-11-08
349,CVE-2025-9816,0.00177,2025-11-08
350,CVE-2025-10137,0.00078,2025-11-09
351,CVE-2025-10147,0.00184,2025-11-09
352,CVE-2025-10412,0.00215,2025-11-09
353,CVE-2025-59834,0.00959,2025-11-09
354,CVE-2025-6921,0.00073,2025-11-09
355,CVE-2025-7045,0.00363,2025-11-09
356,CVE-2025-8268,0.0011,2025-11-09
357,CVE-2025-9054,0.0014,2025-11-09
358,CVE-2025-9321,0.00107,2025-11-09
359,CVE-2025-9816,0.00177,2025-11-09
360,CVE-2025-10137,0.00078,2025-11-10
361,CVE-2025-10147,0.00184,2025-11-10
362,CVE-2025-10412,0.00215,2025-11-10
363,CVE-2025-59834,0.00959,2025-11-10
364,CVE-2025-6921,0.00073,2025-11-10
365,CVE-2025-7045,0.00363,2025-11-10
366,CVE-2025-8268,0.00115,2025-11-10
367,CVE-2025-9054,0.0014,2025-11-10
368,CVE-2025-9321,0.00107,2025-11-10
369,CVE-2025-9816,0.00177,2025-11-10
370,CVE-2025-10137,0.00078,2025-11-11
371,CVE-2025-10147,0.00184,2025-11-11
372,CVE-2025-10412,0.00215,2025-11-11
373,CVE-2025-59834,0.00959,2025-11-11
374,CVE-2025-6921,0.00073,2025-11-11
375,CVE-2025-7045,0.00363,2025-11-11
376,CVE-2025-8268,0.00115,2025-11-11
377,CVE-2025-9054,0.0014,2025-11-11
378,CVE-2025-9321,0.00107,2025-11-11
379,CVE-2025-9816,0.00177,2025-11-11
380,CVE-2025-10137,0.00078,2025-11-12
381,CVE-2025-10147,0.00184,2025-11-12
382,CVE-2025-10412,0.00215,2025-11-12
383,CVE-2025-59834,0.00959,2025-11-12
384,CVE-2025-6921,0.00073,2025-11-12
385,CVE-2025-7045,0.00363,2025-11-12
386,CVE-2025-8268,0.00115,2025-11-12
387,CVE-2025-9054,0.0014,2025-11-12
388,CVE-2025-9321,0.00107,2025-11-12
389,CVE-2025-9816,0.00177,2025-11-12
390,CVE-2025-10137,0.00078,2025-11-13
391,CVE-2025-10147,0.00184,2025-11-13
392,CVE-2025-10412,0.00215,2025-11-13
393,CVE-2025-59834,0.00959,2025-11-13
394,CVE-2025-6921,0.00073,2025-11-13
395,CVE-2025-7045,0.00384,2025-11-13
396,CVE-2025-8268,0.00115,2025-11-13
397,CVE-2025-9054,0.0014,2025-11-13
398,CVE-2025-9321,0.00107,2025-11-13
399,CVE-2025-9816,0.00177,2025-11-13
400,CVE-2025-10137,0.00078,2025-11-14
401,CVE-2025-10147,0.00184,2025-11-14
402,CVE-2025-10412,0.00215,2025-11-14
403,CVE-2025-59834,0.00959,2025-11-14
404,CVE-2025-6921,0.00073,2025-11-14
405,CVE-2025-7045,0.00384,2025-11-14
406,CVE-2025-8268,0.00115,2025-11-14
407,CVE-2025-9054,0.0014,2025-11-14
408,CVE-2025-9321,0.00107,2025-11-14
409,CVE-2025-9816,0.00177,2025-11-14
410,CVE-2025-10137,0.00078,2025-11-15
411,CVE-2025-10147,0.00184,2025-11-15
412,CVE-2025-10412,0.00215,2025-11-15
413,CVE-2025-59834,0.00959,2025-11-15
414,CVE-2025-6921,0.00073,2025-11-15
415,CVE-2025-7045,0.00384,2025-11-15
416,CVE-2025-8268,0.00115,2025-11-15
417,CVE-2025-9054,0.0014,2025-11-15
418,CVE-2025-9321,0.00107,2025-11-15
419,CVE-2025-9816,0.00177,2025-11-15
420,CVE-2025-10137,0.00078,2025-11-16
421,CVE-2025-10147,0.00184,2025-11-16
422,CVE-2025-10412,0.00215,2025-11-16
423,CVE-2025-59834,0.00959,2025-11-16
424,CVE-2025-6921,0.00073,2025-11-16
425,CVE-2025-7045,0.00384,2025-11-16
426,CVE-2025-8268,0.00115,2025-11-16
427,CVE-2025-9054,0.0014,2025-11-16
428,CVE-2025-9321,0.00107,2025-11-16
429,CVE-2025-9816,0.00177,2025-11-16
430,CVE-2025-10137,0.00078,2025-11-17
431,CVE-2025-10147,0.00184,2025-11-17
432,CVE-2025-10412,0.00215,2025-11-17
433,CVE-2025-59834,0.00959,2025-11-17
434,CVE-2025-6921,0.00073,2025-11-17
435,CVE-2025-7045,0.00384,2025-11-17
436,CVE-2025-8268,0.00115,2025-11-17
437,CVE-2025-9054,0.0014,2025-11-17
438,CVE-2025-9321,0.00107,2025-11-17
439,CVE-2025-9816,0.00177,2025-11-17
440,CVE-2025-10137,0.00058,2025-11-18
441,CVE-2025-10147,0.00184,2025-11-18
442,CVE-2025-10412,0.00215,2025-11-18
443,CVE-2025-59834,0.00959,2025-11-18
444,CVE-2025-6921,0.00073,2025-11-18
445,CVE-2025-7045,0.00286,2025-11-18
446,CVE-2025-8268,0.00086,2025-11-18
447,CVE-2025-9054,0.00105,2025-11-18
448,CVE-2025-9321,0.00107,2025-11-18
449,CVE-2025-9816,0.00132,2025-11-18
450,CVE-2025-10137,0.00058,2025-11-19
451,CVE-2025-10147,0.00184,2025-11-19
452,CVE-2025-10412,0.00215,2025-11-19
453,CVE-2025-59834,0.00959,2025-11-19
454,CVE-2025-6921,0.00073,2025-11-19
455,CVE-2025-7045,0.00286,2025-11-19
456,CVE-2025-8268,0.00086,2025-11-19
457,CVE-2025-9054,0.00105,2025-11-19
458,CVE-2025-9321,0.00107,2025-11-19
459,CVE-2025-9816,0.00132,2025-11-19
460,CVE-2025-10137,0.00058,2025-11-20
461,CVE-2025-10147,0.00184,2025-11-20
462,CVE-2025-10412,0.00215,2025-11-20
463,CVE-2025-59834,0.00959,2025-11-20
464,CVE-2025-6921,0.00073,2025-11-20
465,CVE-2025-7045,0.00286,2025-11-20
466,CVE-2025-8268,0.00086,2025-11-20
467,CVE-2025-9054,0.00105,2025-11-20
468,CVE-2025-9321,0.00107,2025-11-20
469,CVE-2025-9816,0.00132,2025-11-20
470,CVE-2025-10137,0.00078,2025-11-21
471,CVE-2025-10147,0.00184,2025-11-21
472,CVE-2025-10412,0.00215,2025-11-21
473,CVE-2025-59834,0.00959,2025-11-21
474,CVE-2025-6921,0.00073,2025-11-21
475,CVE-2025-7045,0.00384,2025-11-21
476,CVE-2025-8268,0.00115,2025-11-21
477,CVE-2025-9054,0.0014,2025-11-21
478,CVE-2025-9321,0.00107,2025-11-21
479,CVE-2025-9816,0.00177,2025-11-21
480,CVE-2025-10137,0.00078,2025-11-22
481,CVE-2025-10147,0.00184,2025-11-22
482,CVE-2025-10412,0.00215,2025-11-22
483,CVE-2025-59834,0.00959,2025-11-22
484,CVE-2025-6921,0.00073,2025-11-22
485,CVE-2025-7045,0.00384,2025-11-22
486,CVE-2025-8268,0.00115,2025-11-22
487,CVE-2025-9054,0.0014,2025-11-22
488,CVE-2025-9321,0.00107,2025-11-22
489,CVE-2025-9816,0.00177,2025-11-22
490,CVE-2025-10137,0.00078,2025-11-23
491,CVE-2025-10147,0.00184,2025-11-23
492,CVE-2025-10412,0.00215,2025-11-23
493,CVE-2025-59834,0.00959,2025-11-23
494,CVE-2025-6921,0.00073,2025-11-23
495,CVE-2025-7045,0.00384,2025-11-23
496,CVE-2025-8268,0.00115,2025-11-23
497,CVE-2025-9054,0.0014,2025-11-23
498,CVE-2025-9321,0.00107,2025-11-23
499,CVE-2025-9816,0.00177,2025-11-23
500,CVE-2025-10137,0.00078,2025-11-24
501,CVE-2025-10147,0.00184,2025-11-24
502,CVE-2025-10412,0.00215,2025-11-24
503,CVE-2025-59834,0.00959,2025-11-24
504,CVE-2025-6921,0.00073,2025-11-24
505,CVE-2025-7045,0.00384,2025-11-24
506,CVE-2025-8268,0.00115,2025-11-24
507,CVE-2025-9054,0.0014,2025-11-24
508,CVE-2025-9321,0.00107,2025-11-24
509,CVE-2025-9816,0.00177,2025-11-24
510,CVE-2025-10137,0.00078,2025-11-25
511,CVE-2025-10147,0.00184,2025-11-25
512,CVE-2025-10412,0.00215,2025-11-25
513,CVE-2025-59834,0.00959,2025-11-25
514,CVE-2025-6921,0.00073,2025-11-25
515,CVE-2025-7045,0.00384,2025-11-25
516,CVE-2025-8268,0.00115,2025-11-25
517,CVE-2025-9054,0.0014,2025-11-25
518,CVE-2025-9321,0.00107,2025-11-25
519,CVE-2025-9816,0.00177,2025-11-25
520,CVE-2025-10137,0.00078,2025-11-26
521,CVE-2025-10147,0.00184,2025-11-26
522,CVE-2025-10412,0.00215,2025-11-26
523,CVE-2025-59834,0.00959,2025-11-26
524,CVE-2025-6921,0.00073,2025-11-26
525,CVE-2025-7045,0.00384,2025-11-26
526,CVE-2025-8268,0.00115,2025-11-26
527,CVE-2025-9054,0.0014,2025-11-26
528,CVE-2025-9321,0.00107,2025-11-26
529,CVE-2025-9816,0.00177,2025-11-26
530,CVE-2025-10137,0.00078,2025-11-27
531,CVE-2025-10147,0.00184,2025-11-27
532,CVE-2025-10412,0.00215,2025-11-27
533,CVE-2025-59834,0.00959,2025-11-27
534,CVE-2025-6921,0.00073,2025-11-27
535,CVE-2025-7045,0.00384,2025-11-27
536,CVE-2025-8268,0.00115,2025-11-27
537,CVE-2025-9054,0.0014,2025-11-27
538,CVE-2025-9321,0.00107,2025-11-27
539,CVE-2025-9816,0.00177,2025-11-27
540,CVE-2025-10137,0.00078,2025-11-28
541,CVE-2025-10147,0.00184,2025-11-28
542,CVE-2025-10412,0.00215,2025-11-28
543,CVE-2025-59834,0.00959,2025-11-28
544,CVE-2025-6921,0.00073,2025-11-28
545,CVE-2025-7045,0.00384,2025-11-28
546,CVE-2025-8268,0.00115,2025-11-28
547,CVE-2025-9054,0.0014,2025-11-28
548,CVE-2025-9321,0.00107,2025-11-28
549,CVE-2025-9816,0.00177,2025-11-28
550,CVE-2025-10137,0.00078,2025-11-29
551,CVE-2025-10147,0.00184,2025-11-29
552,CVE-2025-10412,0.00215,2025-11-29
553,CVE-2025-59834,0.00959,2025-11-29
554,CVE-2025-6921,0.00073,2025-11-29
555,CVE-2025-7045,0.00384,2025-11-29
556,CVE-2025-8268,0.00115,2025-11-29
557,CVE-2025-9054,0.0014,2025-11-29
558,CVE-2025-9321,0.00107,2025-11-29
559,CVE-2025-9816,0.00177,2025-11-29
560,CVE-2025-10137,0.00078,2025-11-30
561,CVE-2025-10147,0.00192,2025-11-30
562,CVE-2025-10412,0.00224,2025-11-30
563,CVE-2025-59834,0.00959,2025-11-30
564,CVE-2025-6921,0.00076,2025-11-30
565,CVE-2025-7045,0.00384,2025-11-30
566,CVE-2025-8268,0.00115,2025-11-30
567,CVE-2025-9054,0.0014,2025-11-30
568,CVE-2025-9321,0.00112,2025-11-30
569,CVE-2025-9816,0.00177,2025-11-30
570,CVE-2025-10137,0.00078,2025-12-01
571,CVE-2025-10147,0.00192,2025-12-01
572,CVE-2025-10412,0.00224,2025-12-01
573,CVE-2025-59834,0.00959,2025-12-01
574,CVE-2025-6921,0.00076,2025-12-01
575,CVE-2025-7045,0.00384,2025-12-01
576,CVE-2025-8268,0.00115,2025-12-01
577,CVE-2025-9054,0.00147,2025-12-01
578,CVE-2025-9321,0.00112,2025-12-01
579,CVE-2025-9816,0.00141,2025-12-01
580,CVE-2025-10137,0.00078,2025-12-02
581,CVE-2025-10147,0.00192,2025-12-02
582,CVE-2025-10412,0.00224,2025-12-02
583,CVE-2025-59834,0.01002,2025-12-02
584,CVE-2025-6921,0.00076,2025-12-02
585,CVE-2025-7045,0.00384,2025-12-02
586,CVE-2025-8268,0.00115,2025-12-02
587,CVE-2025-9054,0.00147,2025-12-02
588,CVE-2025-9321,0.00112,2025-12-02
589,CVE-2025-9816,0.00141,2025-12-02
590,CVE-2025-10137,0.00081,2025-12-03
591,CVE-2025-10147,0.00192,2025-12-03
592,CVE-2025-10412,0.00224,2025-12-03
593,CVE-2025-59834,0.01002,2025-12-03
594,CVE-2025-6921,0.00076,2025-12-03
595,CVE-2025-7045,0.00384,2025-12-03
596,CVE-2025-8268,0.00115,2025-12-03
597,CVE-2025-9054,0.00147,2025-12-03
598,CVE-2025-9321,0.00112,2025-12-03
599,CVE-2025-9816,0.00141,2025-12-03
600,CVE-2025-10137,0.00081,2025-12-04
601,CVE-2025-10147,0.00192,2025-12-04
602,CVE-2025-10412,0.00224,2025-12-04
603,CVE-2025-59834,0.01002,2025-12-04
604,CVE-2025-6921,0.00076,2025-12-04
605,CVE-2025-7045,0.00384,2025-12-04
606,CVE-2025-8268,0.00115,2025-12-04
607,CVE-2025-9054,0.00147,2025-12-04
608,CVE-2025-9321,0.00112,2025-12-04
609,CVE-2025-9816,0.00185,2025-12-04
610,CVE-2025-10137,0.00081,2025-12-05
611,CVE-2025-10147,0.00192,2025-12-05
612,CVE-2025-10412,0.00224,2025-12-05
613,CVE-2025-59834,0.01002,2025-12-05
614,CVE-2025-6921,0.00076,2025-12-05
615,CVE-2025-7045,0.00384,2025-12-05
616,CVE-2025-8268,0.00115,2025-12-05
617,CVE-2025-9054,0.00147,2025-12-05
618,CVE-2025-9321,0.00112,2025-12-05
619,CVE-2025-9816,0.00185,2025-12-05
620,CVE-2025-10137,0.00081,2025-12-06
621,CVE-2025-10147,0.00192,2025-12-06
622,CVE-2025-10412,0.00224,2025-12-06
623,CVE-2025-59834,0.01002,2025-12-06
624,CVE-2025-6921,0.00076,2025-12-06
625,CVE-2025-7045,0.00384,2025-12-06
626,CVE-2025-8268,0.00115,2025-12-06
627,CVE-2025-9054,0.00147,2025-12-06
628,CVE-2025-9321,0.00112,2025-12-06
629,CVE-2025-9816,0.00185,2025-12-06
630,CVE-2025-10137,0.00081,2025-12-07
631,CVE-2025-10147,0.00192,2025-12-07
632,CVE-2025-10412,0.00224,2025-12-07
633,CVE-2025-59834,0.01002,2025-12-07
634,CVE-2025-6921,0.00076,2025-12-07
635,CVE-2025-7045,0.00384,2025-12-07
636,CVE-2025-8268,0.00115,2025-12-07
637,CVE-2025-9054,0.00147,2025-12-07
638,CVE-2025-9321,0.00112,2025-12-07
639,CVE-2025-9816,0.00185,2025-12-07
640,CVE-2025-10137,0.00081,2025-12-08
641,CVE-2025-10147,0.00192,2025-12-08
642,CVE-2025-10412,0.00224,2025-12-08
643,CVE-2025-59834,0.01002,2025-12-08
644,CVE-2025-6921,0.00076,2025-12-08
645,CVE-2025-7045,0.00384,2025-12-08
646,CVE-2025-8268,0.00115,2025-12-08
647,CVE-2025-9054,0.00147,2025-12-08
648,CVE-2025-9321,0.00112,2025-12-08
649,CVE-2025-9816,0.00185,2025-12-08
650,CVE-2025-10137,0.00081,2025-12-09
651,CVE-2025-10147,0.00192,2025-12-09
652,CVE-2025-10412,0.00224,2025-12-09
653,CVE-2025-59834,0.01002,2025-12-09
654,CVE-2025-6921,0.00076,2025-12-09
655,CVE-2025-7045,0.00384,2025-12-09
656,CVE-2025-8268,0.00115,2025-12-09
657,CVE-2025-9054,0.00147,2025-12-09
658,CVE-2025-9321,0.00112,2025-12-09
659,CVE-2025-9816,0.00185,2025-12-09
660,CVE-2025-10137,0.00081,2025-12-10
661,CVE-2025-10147,0.00192,2025-12-10
662,CVE-2025-10412,0.00224,2025-12-10
663,CVE-2025-59834,0.01002,2025-12-10
664,CVE-2025-6921,0.00076,2025-12-10
665,CVE-2025-7045,0.00384,2025-12-10
666,CVE-2025-8268,0.00115,2025-12-10
667,CVE-2025-9054,0.00147,2025-12-10
668,CVE-2025-9321,0.00112,2025-12-10
669,CVE-2025-9816,0.00185,2025-12-10
670,CVE-2025-10137,0.00081,2025-12-11
671,CVE-2025-10147,0.00192,2025-12-11
672,CVE-2025-10412,0.00224,2025-12-11
673,CVE-2025-59834,0.01002,2025-12-11
674,CVE-2025-6921,0.00076,2025-12-11
675,CVE-2025-7045,0.00384,2025-12-11
676,CVE-2025-8268,0.00115,2025-12-11
677,CVE-2025-9054,0.00147,2025-12-11
678,CVE-2025-9321,0.00112,2025-12-11
679,CVE-2025-9816,0.00185,2025-12-11
680,CVE-2025-10137,0.00081,2025-12-12
681,CVE-2025-10147,0.00192,2025-12-12
682,CVE-2025-10412,0.00224,2025-12-12
683,CVE-2025-59834,0.01002,2025-12-12
684,CVE-2025-6921,0.00076,2025-12-12
685,CVE-2025-7045,0.00384,2025-12-12
686,CVE-2025-8268,0.00115,2025-12-12
687,CVE-2025-9054,0.00147,2025-12-12
688,CVE-2025-9321,0.00112,2025-12-12
689,CVE-2025-9816,0.00185,2025-12-12
690,CVE-2025-10137,0.00081,2025-12-13
691,CVE-2025-10147,0.00192,2025-12-13
692,CVE-2025-10412,0.00224,2025-12-13
693,CVE-2025-59834,0.01002,2025-12-13
694,CVE-2025-6921,0.00076,2025-12-13
695,CVE-2025-7045,0.00384,2025-12-13
696,CVE-2025-8268,0.00115,2025-12-13
697,CVE-2025-9054,0.00147,2025-12-13
698,CVE-2025-9321,0.00112,2025-12-13
699,CVE-2025-9816,0.00185,2025-12-13
700,CVE-2025-10137,0.00081,2025-12-14
701,CVE-2025-10147,0.00192,2025-12-14
702,CVE-2025-10412,0.00224,2025-12-14
703,CVE-2025-59834,0.01002,2025-12-14
704,CVE-2025-6921,0.00076,2025-12-14
705,CVE-2025-7045,0.00384,2025-12-14
706,CVE-2025-8268,0.00115,2025-12-14
707,CVE-2025-9054,0.00147,2025-12-14
708,CVE-2025-9321,0.00112,2025-12-14
709,CVE-2025-9816,0.00185,2025-12-14
710,CVE-2025-10137,0.00081,2025-12-15
711,CVE-2025-10147,0.00192,2025-12-15
712,CVE-2025-10412,0.00224,2025-12-15
713,CVE-2025-59834,0.01002,2025-12-15
714,CVE-2025-6921,0.00076,2025-12-15
715,CVE-2025-7045,0.00384,2025-12-15
716,CVE-2025-8268,0.00115,2025-12-15
717,CVE-2025-9054,0.00147,2025-12-15
718,CVE-2025-9321,0.00112,2025-12-15
719,CVE-2025-9816,0.00185,2025-12-15
720,CVE-2025-10137,0.00081,2025-12-16
721,CVE-2025-10147,0.00192,2025-12-16
722,CVE-2025-10412,0.00224,2025-12-16
723,CVE-2025-59834,0.01002,2025-12-16
724,CVE-2025-6921,0.00076,2025-12-16
725,CVE-2025-7045,0.00384,2025-12-16
726,CVE-2025-8268,0.00115,2025-12-16
727,CVE-2025-9054,0.00147,2025-12-16
728,CVE-2025-9321,0.00112,2025-12-16
729,CVE-2025-9816,0.00185,2025-12-16
730,CVE-2025-10137,0.00081,2025-12-17
731,CVE-2025-10147,0.00192,2025-12-17
732,CVE-2025-10412,0.00224,2025-12-17
733,CVE-2025-59834,0.01002,2025-12-17
734,CVE-2025-6921,0.00076,2025-12-17
735,CVE-2025-7045,0.00384,2025-12-17
736,CVE-2025-8268,0.00115,2025-12-17
737,CVE-2025-9054,0.00147,2025-12-17
738,CVE-2025-9321,0.00112,2025-12-17
739,CVE-2025-9816,0.00185,2025-12-17
740,CVE-2025-10137,0.00081,2025-12-18
741,CVE-2025-10147,0.00192,2025-12-18
742,CVE-2025-10412,0.00224,2025-12-18
743,CVE-2025-59834,0.01002,2025-12-18
744,CVE-2025-6921,0.00076,2025-12-18
745,CVE-2025-7045,0.00384,2025-12-18
746,CVE-2025-8268,0.00115,2025-12-18
747,CVE-2025-9054,0.00147,2025-12-18
748,CVE-2025-9321,0.00112,2025-12-18
749,CVE-2025-9816,0.00255,2025-12-18
750,CVE-2025-10137,0.00081,2025-12-19
751,CVE-2025-10147,0.00192,2025-12-19
752,CVE-2025-10412,0.00224,2025-12-19
753,CVE-2025-59834,0.01002,2025-12-19
754,CVE-2025-6921,0.00076,2025-12-19
755,CVE-2025-7045,0.00384,2025-12-19
756,CVE-2025-8268,0.00115,2025-12-19
757,CVE-2025-9054,0.00147,2025-12-19
758,CVE-2025-9321,0.00112,2025-12-19
759,CVE-2025-9816,0.00255,2025-12-19
760,CVE-2025-10137,0.00081,2025-12-20
761,CVE-2025-10147,0.00192,2025-12-20
762,CVE-2025-10412,0.00224,2025-12-20
763,CVE-2025-59834,0.01002,2025-12-20
764,CVE-2025-6921,0.00076,2025-12-20
765,CVE-2025-7045,0.00384,2025-12-20
766,CVE-2025-8268,0.00115,2025-12-20
767,CVE-2025-9054,0.00147,2025-12-20
768,CVE-2025-9321,0.00112,2025-12-20
769,CVE-2025-9816,0.00255,2025-12-20
770,CVE-2025-10137,0.00081,2025-12-21
771,CVE-2025-10147,0.00192,2025-12-21
772,CVE-2025-10412,0.00224,2025-12-21
773,CVE-2025-59834,0.01002,2025-12-21
774,CVE-2025-6921,0.00076,2025-12-21
775,CVE-2025-7045,0.00384,2025-12-21
776,CVE-2025-8268,0.00115,2025-12-21
777,CVE-2025-9054,0.00147,2025-12-21
778,CVE-2025-9321,0.00112,2025-12-21
779,CVE-2025-9816,0.00255,2025-12-21
780,CVE-2025-10137,0.00081,2025-12-22
781,CVE-2025-10147,0.00192,2025-12-22
782,CVE-2025-10412,0.00224,2025-12-22
783,CVE-2025-59834,0.01002,2025-12-22
784,CVE-2025-6921,0.00076,2025-12-22
785,CVE-2025-7045,0.00384,2025-12-22
786,CVE-2025-8268,0.00115,2025-12-22
787,CVE-2025-9054,0.00147,2025-12-22
788,CVE-2025-9321,0.00112,2025-12-22
789,CVE-2025-9816,0.00255,2025-12-22
790,CVE-2025-10137,0.00081,2025-12-23
791,CVE-2025-10147,0.00192,2025-12-23
792,CVE-2025-10412,0.00224,2025-12-23
793,CVE-2025-59834,0.01002,2025-12-23
794,CVE-2025-6921,0.00076,2025-12-23
795,CVE-2025-7045,0.00384,2025-12-23
796,CVE-2025-8268,0.00115,2025-12-23
797,CVE-2025-9054,0.00147,2025-12-23
798,CVE-2025-9321,0.00112,2025-12-23
799,CVE-2025-9816,0.00255,2025-12-23
800,CVE-2025-10137,0.00081,2025-12-24
801,CVE-2025-10147,0.00192,2025-12-24
802,CVE-2025-10412,0.00224,2025-12-24
803,CVE-2025-59834,0.01002,2025-12-24
804,CVE-2025-6921,0.00076,2025-12-24
805,CVE-2025-7045,0.00384,2025-12-24
806,CVE-2025-8268,0.00115,2025-12-24
807,CVE-2025-9054,0.00147,2025-12-24
808,CVE-2025-9321,0.00112,2025-12-24
809,CVE-2025-9816,0.00255,2025-12-24
810,CVE-2025-10137,0.00081,2025-12-25
811,CVE-2025-10147,0.00192,2025-12-25
812,CVE-2025-10412,0.00224,2025-12-25
813,CVE-2025-59834,0.01002,2025-12-25
814,CVE-2025-6921,0.00076,2025-12-25
815,CVE-2025-7045,0.00384,2025-12-25
816,CVE-2025-8268,0.00115,2025-12-25
817,CVE-2025-9054,0.00147,2025-12-25
818,CVE-2025-9321,0.00112,2025-12-25
819,CVE-2025-9816,0.00255,2025-12-25
820,CVE-2025-10137,0.00081,2025-12-26
821,CVE-2025-10147,0.00192,2025-12-26
822,CVE-2025-10412,0.00224,2025-12-26
823,CVE-2025-59834,0.01002,2025-12-26
824,CVE-2025-6921,0.00076,2025-12-26
825,CVE-2025-7045,0.00384,2025-12-26
826,CVE-2025-8268,0.00115,2025-12-26
827,CVE-2025-9054,0.00147,2025-12-26
828,CVE-2025-9321,0.00112,2025-12-26
829,CVE-2025-9816,0.00255,2025-12-26
830,CVE-2025-10137,0.00081,2025-12-27
831,CVE-2025-10147,0.00192,2025-12-27
832,CVE-2025-10412,0.00224,2025-12-27
833,CVE-2025-59834,0.01002,2025-12-27
834,CVE-2025-6921,0.00076,2025-12-27
835,CVE-2025-7045,0.00384,2025-12-27
836,CVE-2025-8268,0.00115,2025-12-27
837,CVE-2025-9054,0.00147,2025-12-27
838,CVE-2025-9321,0.00112,2025-12-27
839,CVE-2025-9816,0.00255,2025-12-27
840,CVE-2025-10137,0.00081,2025-12-28
841,CVE-2025-10147,0.00192,2025-12-28
842,CVE-2025-10412,0.00224,2025-12-28
843,CVE-2025-59834,0.01002,2025-12-28
844,CVE-2025-6921,0.00076,2025-12-28
845,CVE-2025-7045,0.00384,2025-12-28
846,CVE-2025-8268,0.00115,2025-12-28
847,CVE-2025-9054,0.00147,2025-12-28
848,CVE-2025-9321,0.00112,2025-12-28
849,CVE-2025-9816,0.00255,2025-12-28
850,CVE-2025-10137,0.00081,2025-12-29
851,CVE-2025-10147,0.00192,2025-12-29
852,CVE-2025-10412,0.00224,2025-12-29
853,CVE-2025-59834,0.01002,2025-12-29
854,CVE-2025-6921,0.00076,2025-12-29
855,CVE-2025-7045,0.00384,2025-12-29
856,CVE-2025-8268,0.00115,2025-12-29
857,CVE-2025-9054,0.00147,2025-12-29
858,CVE-2025-9321,0.00112,2025-12-29
859,CVE-2025-9816,0.00255,2025-12-29
860,CVE-2025-10137,0.00081,2025-12-30
861,CVE-2025-10147,0.00192,2025-12-30
862,CVE-2025-10412,0.00224,2025-12-30
863,CVE-2025-59834,0.01002,2025-12-30
864,CVE-2025-6921,0.00076,2025-12-30
865,CVE-2025-7045,0.00384,2025-12-30
866,CVE-2025-8268,0.00115,2025-12-30
867,CVE-2025-9054,0.00147,2025-12-30
868,CVE-2025-9321,0.00112,2025-12-30
869,CVE-2025-9816,0.00255,2025-12-30
870,CVE-2025-10137,0.00081,2025-12-31
871,CVE-2025-10147,0.00192,2025-12-31
872,CVE-2025-10412,0.00224,2025-12-31
873,CVE-2025-59834,0.01002,2025-12-31
874,CVE-2025-6921,0.00076,2025-12-31
875,CVE-2025-7045,0.00384,2025-12-31
876,CVE-2025-8268,0.00115,2025-12-31
877,CVE-2025-9054,0.00147,2025-12-31
878,CVE-2025-9321,0.00112,2025-12-31
879,CVE-2025-9816,0.00255,2025-12-31
880,CVE-2025-10137,0.00081,2026-01-01
881,CVE-2025-10147,0.00192,2026-01-01
882,CVE-2025-10412,0.00224,2026-01-01
883,CVE-2025-59834,0.01002,2026-01-01
884,CVE-2025-6921,0.00076,2026-01-01
885,CVE-2025-7045,0.00384,2026-01-01
886,CVE-2025-8268,0.00115,2026-01-01
887,CVE-2025-9054,0.00147,2026-01-01
888,CVE-2025-9321,0.00112,2026-01-01
889,CVE-2025-9816,0.00203,2026-01-01
890,CVE-2025-10137,0.00081,2026-01-02
891,CVE-2025-10147,0.00192,2026-01-02
892,CVE-2025-10412,0.00224,2026-01-02
893,CVE-2025-59834,0.01002,2026-01-02
894,CVE-2025-6921,0.00076,2026-01-02
895,CVE-2025-7045,0.00384,2026-01-02
896,CVE-2025-8268,0.00115,2026-01-02
897,CVE-2025-9054,0.00147,2026-01-02
898,CVE-2025-9321,0.00112,2026-01-02
899,CVE-2025-9816,0.00203,2026-01-02
900,CVE-2025-10137,0.00081,2026-01-03
901,CVE-2025-10147,0.00192,2026-01-03
902,CVE-2025-10412,0.00224,2026-01-03
903,CVE-2025-59834,0.01002,2026-01-03
904,CVE-2025-6921,0.00076,2026-01-03
905,CVE-2025-7045,0.00384,2026-01-03
906,CVE-2025-8268,0.00165,2026-01-03
907,CVE-2025-9054,0.00147,2026-01-03
908,CVE-2025-9321,0.00112,2026-01-03
909,CVE-2025-9816,0.00203,2026-01-03
910,CVE-2025-10137,0.00081,2026-01-04
911,CVE-2025-10147,0.00192,2026-01-04
912,CVE-2025-10412,0.00224,2026-01-04
913,CVE-2025-59834,0.01002,2026-01-04
914,CVE-2025-6921,0.00076,2026-01-04
915,CVE-2025-7045,0.00384,2026-01-04
916,CVE-2025-8268,0.00165,2026-01-04
917,CVE-2025-9054,0.00147,2026-01-04
918,CVE-2025-9321,0.00112,2026-01-04
919,CVE-2025-9816,0.00255,2026-01-04
920,CVE-2025-10137,0.00081,2026-01-05
921,CVE-2025-10147,0.00192,2026-01-05
922,CVE-2025-10412,0.00224,2026-01-05
923,CVE-2025-59834,0.01002,2026-01-05
924,CVE-2025-6921,0.00076,2026-01-05
925,CVE-2025-7045,0.00384,2026-01-05
926,CVE-2025-8268,0.00165,2026-01-05
927,CVE-2025-9054,0.00147,2026-01-05
928,CVE-2025-9321,0.00112,2026-01-05
929,CVE-2025-9816,0.00255,2026-01-05
930,CVE-2025-10137,0.00081,2026-01-06
931,CVE-2025-10147,0.00192,2026-01-06
932,CVE-2025-10412,0.00224,2026-01-06
933,CVE-2025-59834,0.01002,2026-01-06
934,CVE-2025-6921,0.00076,2026-01-06
935,CVE-2025-7045,0.00447,2026-01-06
936,CVE-2025-8268,0.00165,2026-01-06
937,CVE-2025-9054,0.00147,2026-01-06
938,CVE-2025-9321,0.00112,2026-01-06
939,CVE-2025-9816,0.00255,2026-01-06
940,CVE-2025-10137,0.00081,2026-01-07
941,CVE-2025-10147,0.00192,2026-01-07
942,CVE-2025-10412,0.00224,2026-01-07
943,CVE-2025-59834,0.01002,2026-01-07
944,CVE-2025-6921,0.00076,2026-01-07
945,CVE-2025-7045,0.00447,2026-01-07
946,CVE-2025-8268,0.00165,2026-01-07
947,CVE-2025-9054,0.00147,2026-01-07
948,CVE-2025-9321,0.00112,2026-01-07
949,CVE-2025-9816,0.00255,2026-01-07
950,CVE-2025-10137,0.00081,2026-01-08
951,CVE-2025-10147,0.00192,2026-01-08
952,CVE-2025-10412,0.00224,2026-01-08
953,CVE-2025-59834,0.01002,2026-01-08
954,CVE-2025-6921,0.00076,2026-01-08
955,CVE-2025-7045,0.00447,2026-01-08
956,CVE-2025-8268,0.00165,2026-01-08
957,CVE-2025-9054,0.00147,2026-01-08
958,CVE-2025-9321,0.00112,2026-01-08
959,CVE-2025-9816,0.00255,2026-01-08
960,CVE-2025-10137,0.00081,2026-01-09
961,CVE-2025-10147,0.00192,2026-01-09
962,CVE-2025-10412,0.00224,2026-01-09
963,CVE-2025-59834,0.01002,2026-01-09
964,CVE-2025-6921,0.00076,2026-01-09
965,CVE-2025-7045,0.00447,2026-01-09
966,CVE-2025-8268,0.00165,2026-01-09
967,CVE-2025-9054,0.00147,2026-01-09
968,CVE-2025-9321,0.00112,2026-01-09
969,CVE-2025-9816,0.00255,2026-01-09
970,CVE-2025-10137,0.00081,2026-01-10
971,CVE-2025-10147,0.00192,2026-01-10
972,CVE-2025-10412,0.00224,2026-01-10
973,CVE-2025-59834,0.01002,2026-01-10
974,CVE-2025-6921,0.00076,2026-01-10
975,CVE-2025-7045,0.00447,2026-01-10
976,CVE-2025-8268,0.00165,2026-01-10
977,CVE-2025-9054,0.00147,2026-01-10
978,CVE-2025-9321,0.00112,2026-01-10
979,CVE-2025-9816,0.00255,2026-01-10
980,CVE-2025-10137,0.00081,2026-01-11
981,CVE-2025-10147,0.00192,2026-01-11
982,CVE-2025-10412,0.00224,2026-01-11
983,CVE-2025-59834,0.01002,2026-01-11
984,CVE-2025-6921,0.00076,2026-01-11
985,CVE-2025-7045,0.00447,2026-01-11
986,CVE-2025-8268,0.00165,2026-01-11
987,CVE-2025-9054,0.00147,2026-01-11
988,CVE-2025-9321,0.00112,2026-01-11
989,CVE-2025-9816,0.00255,2026-01-11
